,image_path,xmin,ymin,xmax,ymax,label
0,shouldbeworking2-sansBoxes.tif,333.7754058344349,983.726061730898,1708.7984322833713,1082.8886726990768,tree
1,shouldbeworking2-sansBoxes.tif,766.2345703348625,940.5719625143115,1321.3297116479266,1014.0257484162474,tree
2,shouldbeworking2-sansBoxes.tif,819.4885651143313,823.9640773939045,1230.4306515937626,938.7356178668573,tree
3,shouldbeworking2-sansBoxes.tif,392.5384345553241,390.58674057022097,1650.035403562482,493.4220408342504,tree
4,shouldbeworking2-sansBoxes.tif,346.629818366143,497.0947301291588,1682.1714348948146,612.7844429253676,tree
5,shouldbeworking2-sansBoxes.tif,206.14945282788958,603.6027196880966,1772.1523226252516,762.446531701834,tree
6,shouldbeworking2-sansBoxes.tif,679.0081995756068,1037.8982288350362,1352.5475706565321,1161.8514925452598,tree
7,shouldbeworking2-sansBoxes.tif,1541.2623280344148,1146.890460537974,508.3912991339915,1247.2368333695679,tree
